company_id,domain
4973114,sshselfdrive.co.uk
9321432,magnumbuck.com
8833518,stjoebrick.net
4049416,freeyourmusic.co.uk
4049416,nne.me.uk
10441384,klaeger-plastik-hartha.de
11359884,getconnect.biz
6558701,fiabaneassociatesclientservices.com
7436045,lfpdlaw.com
5856287,bestbisque.com
12269196,mphusky.info
335889,myfamilyprotect.moonfruit.com
6935450,henleycomputers.co.uk
5690735,brewtech-germany.de
5690735,brewtech-gmbh.de
4160098,wamvoices.co.uk
10624131,nasonhousetechnology.com
7335544,kentuckymechanicalbull.com
6372123,edonstatebank.org
13982119,musicpeeler.com
9227625,cafegrande.us
5154885,insulationwholesalers.co.nz
7468929,lookbigsellbig.com
7468929,naturalcompositesinc.com
7468929,traininglocal.com
7468929,wef3.com
6545311,faztekt-slottedextrusion.blogspot.com
5416593,ingenieros-unger.com
4496763,carotino.com.au
8104634,parksfence.net
6720125,hardmoneyloansatlanta.com
6720125,hardmoneyloansgeorgia.com
6279159,promotech.eu
6279159,windtowercutting.com
6279159,windtowerwelding.com
10147442,myfamilytrustee.com
10475231,financialadviceparramatta.com
10475231,financialplanningconsultants.com.au
6015363,conservationdogs.co.uk
9907106,cesarservicescorp.com
4837300,lbtrust.org
6073305,crystaldirect.co.za
3349379,firedamageuk.mobi
7364914,kleobackup.net
7307526,kiosk.sg
11270403,regoran.co.uk
14881002,bpediatrics.com
14881002,ccouieconsulting.com
14881002,computerrepairscams.com
14881002,howtokillacomputervirus.com
8079693,swimmingpoolspune.com
11902173,homepcsolutions.biz
11902173,homepcsolutions.info
11902173,homepcsolutions.net
11902173,homepcsolutions.org
11902173,homepcsolutions.us
9239519,sonas-group.com
5948420,clergycoaches.net
5948420,clergycoaches.org
8523956,rotordb.org
8958179,systemics.com.pl
8315980,qurmr.com
12725482,pass-operations.com
12725482,pass-vto.com
12725482,pass-vto.de
12725482,pass-xx1.de
12725482,passvto.com
12725482,passvto.de
12725482,passxx1.com
12725482,passxx1.de
12725482,virtualtravelorganizer.com
10140699,fantasy4u.de
10707835,pegasusint.com
79293,kwsolar.co.uk
12113542,willebrosconcrete-il.com
3617113,bubbler.de
3617113,dockweiler-uk.co.uk
3617113,dockweiler.com
3617113,dockweiler.de
3617113,dockweiler.ie
3617113,dockweiler.us
11510987,garagedoorrepairwi.com
6703624,gdcdental.com
13031590,helicalwash.com
8527801,romaplumbingandheating.co.uk
5032333,axisrooms.in
5032333,globaleventsplanner.com
12250161,jtbglass.nl
12250161,the-glass-company.com
5172196,addodanismanlik.com
5172196,addoservices.co.uk
5172196,theaddo.com
3844786,fusiontanks.biz
3844786,fusiontanks.co.uk
3844786,fusiontanks.net
3844786,fusiontanks.org
6183104,deepbloodbankequipments.com
7092877,incon.dk
11735432,aql.org.uk
11735432,bucks-it.com
11735432,diskspin.com
11735432,emmajameson.co.uk
11735432,entireprise.com
11735432,hoppersway.co.uk
11735432,hoppersway.com
11735432,nylonviolence.co.uk
11735432,oswin.info
11735432,oswin.org.uk
11735432,roisin.org.uk
11735432,roisinsmith.co.uk
11735432,roisinsmith.com
11735432,shucklow.co.uk
11735432,shucklow.com
11735432,stevenjameson.co.uk
3806758,duxcoat.com
6805361,grapetoglass.in
6519144,medimage.co.za
6519144,oncology.co.za
5811341,gxgeogrids.com
5572195,sitexenvironmental.com
5572195,sitexglobal.com
5572195,sitexsafety.com
9102236,massachusettsluxuryrentals.com
9102236,tradewindsrelocation.com
10764064,prolinetile.biz
12103064,visanspraytech.net
3368296,windowsforchildren.org.uk
13687601,affiliatedurologists.com
13687601,urology-associates.com
10448167,lbelec.com
13944491,mafracht.hu
13944491,mahartlog.hu
10169166,flantech.info
12555842,fourteeninc.com
3390536,ctl-ifa.co.uk
6115484,atlanta-computer-consultant.com
6115484,atlanta-software-consultant.com
6115484,atlanta-software-development.com
6115484,universalreportserver.com
7464724,levelpromo.com
7674907,carwashcorp.com
7674907,clubukcorp.com
7674907,eventnights.net
7674907,hippodromecorp.com
7674907,megaeventproduction.net
14163521,twohundredthbuddha.com
7376565,korotkintow.com
5143346,accoladesandmore.com.au
6960955,freeviewinstallationhamilton.co.nz
6960955,freeviewinstallershamilton.co.nz
12522185,drfranckle.net
10779552,quantumleapventures.com
13006400,aidiltd.co.uk
13006400,astoundinginteriordesign.co.uk
13006400,astoundinginteriordesigninternational.co.uk
13006400,astoundinginteriorinternational.co.uk
5948143,clipperimports.co.uk
8847588,staryachts.com
5777803,cantel-cams.com
5261644,allegraevents.com
13289421,greenernycbuildings.com
13289421,mastertheme.com
13289421,papro.co.uk
13289421,sharesail.com
5217150,ahmg.com.au
7036957,irvineinternational.net
10240942,greenvillesouthernfencing.com
8299252,primevinesclub.com
8299252,primevinesonline.com
14971852,kapruka.lk
7570731,martinimeat.com
14873053,cdsstormwater.biz
14873053,cdsstormwater.com.au
8354621,mobiego.com
14927833,air-conditioning-repair-frisco.com
14927833,best-allen-air-conditioning.com
14927833,mckinney-air-conditioning-repair.com
14927833,plano-ac-repair.com
14927833,plano-air-conditioning-company.com
14927833,plano-air.com
14927833,plano-tx-air-conditioning.com
10479742,nsseniorcare.com
10479742,thegeriatriccareconsultants.com
5581197,beyond-consultants.com
5811909,cartitleloanschicagoheights.info
10884610,sauren-ag.de
10884610,sauren-finanzdienstleistungen.de
10884610,sauren-institutional.de
7958171,nopol.net
9300394,wallacecars.mobi
10587280,mikehassanpour.com
4602517,pedalmagic.co.uk
11956829,martinplumbingco.com
3349909,websitedesignswift.co.uk
9034290,thoughtfields.co.nz
7868483,peruvianaviation.com
14176141,bluelinesf.com
14176141,idpt.us
10334037,infogiur.it
10334037,infogiur.net
6906035,healdsburgnursery.com
8735128,stinc.us
8735128,zerodefectparts.com
13921934,tubsnstuff.com.au
4954039,elsenhamvillage.co.uk
11627238,telamon-corp.com
11627238,telamon-corp.net
11627238,telamonglobal.cn
11627238,telamonglobal.com
13504131,gravitycentralhosting.com
4507452,cottageframers.co.uk
7034320,iinch.net
12483264,gxgreen.net
337254,propertytradingcenter.com
7452812,legalartsgroup.com
5881706,chinahanji.cn
5881706,chinanozzle.cn
5881706,dieselchinahanji.com
7195220,jbyrnemarine.com
11876796,amypatten.com
12392972,buzula4cost.net
10413612,themiers.com
7684671,healthodyssey.ca
14187863,walker-pooleinsurance.com
8621349,congress.gr
8621349,incentives.gr
10385691,jindalnonferrous.com
3495890,dataflex.co.uk
53811,electriciangainsborough.co.uk
12692803,laptopchip.in
8991849,thecreativelink.ca
8991849,thecreativelink.net
5473699,awardingorganisation.co.uk
5473699,awardingorganisationsoftware.co.uk
5473699,awardingorganisationsoftware.com
4398918,surf360.mobi
4398918,surf360live.mobi
4398918,tolranet.eu
4398918,worldsiteindex.biz
4398918,worldsiteindex.info
8424464,classtee.com
8860831,spychestgps.com
14059616,raywhiteyeppoon.com
6786175,gostai.org
14828625,africa-desk.biz
14828625,africa-desk.net
14828625,africa-desk.us
14828625,africadesk.biz
11366929,culbertsonhomeinspection.com
11366929,culbertsoninc.com
13356285,six-networks.org
13356285,sixnetworks.info
13356285,sixnetworks.org
10060807,kastingdental.com
11266084,outperformservices.co.uk
11266084,outperformtrainingandcoaching.com
7858754,adbond.ca
8095402,tlc4dui.com
10644943,nimanet.net
4075625,scanjetsystems.co.uk
13060528,sink-depot.com
7989974,odorcure.co.za
5843680,realinterfaceinc.com
12995374,adjitsu.com
12995374,ringringmedia.com
4025787,practical-haemostasis.co.uk
4025787,practical-hemostasis.com
9073782,cosmeticdentures.com
9073782,dentureplace.com
12392635,42solutions.com
5390960,arrowaccountingsoftware.com
8696359,shiftingatoms.org
13782468,deloishomes.com
317376,logisticssimulation.co.uk
317376,research-horizons.co.uk
317376,supplychainru.com
317376,supplychainuk.co.uk
8921242,lawrence-attorney.com
7170462,industrialcoatings.ie
7170462,irishindustrialcoatings.com
8029329,cavanwebdesign.com
8029329,dtechsolutions.com
8029329,meathwebdesign.com
8029329,monaghanwebdesign.com
8599733,schultzsurf.com
9786141,bcpediatricdentistrync.com
6164579,deltacorp.vn
4930692,gghc.co.uk
3577673,structured-debriefing.com
3577673,structureddebriefing.co.uk
3577673,structureddebriefing.com
10841642,rtspostalexpress.com
8582078,saltbins.co.uk
9522847,aecchecklists.com
9522847,buildingchecklists.com
9522847,superiorforum.com
9522847,superiorforums.com
9522847,thepressureislowerhere.com
7431662,lawyerscompensation.com
7431662,lawyerscompo.com
7431662,lawyersimpson.com
7431662,pkcompo.com
7431662,pkinjury.com
7431662,pksolicitors.com
7431662,simpsonscompensation.com
7431662,simpsonscompo.com
7431662,solicitorscompo.com
7431662,solicitorsimpson.com
7431662,solicitorspk.com
7431662,yourcompo.com
7025596,ibi-lorenzini.com
7025596,ibi-lorenzini.it
11601209,silverfoxpools.com
13711128,grandriverjeans.com
13711128,keyworkclothes.com
13711128,sonsofditches.com
13711128,thekeyline.com
13711128,wallsworkwear.com
8024681,shaveright.com
6525315,familyyorkies.com
6653469,lattice-boltzmann.com
3259305,pclsconsulting.co.uk
3259305,pclstraining.co.uk
7290618,safetyitem.com
7290618,superbright.com
3632075,nationalgallery.org.uk
6332344,chronicpainrx.com
6332344,cymantherapy.com
6332344,nuturaproducts.com
5966480,coaching-nvq.co.uk
5966480,coaching-nvq.org
5493373,bagking.net
14920985,feltrim.biz
5191163,aerialink.net
9654445,adamsfuneralhome.net
9654445,adamspawpaw.com
3348863,dmbcapital.net
13899738,ispho.to
7668184,anthonyhuey.com
11201609,yfhglobal.net
11201609,yfhglobal.org
9357840,vivaolives.net
8418334,reiradmaand.com
12611581,i-techservice.com
6597443,frej.net
4364672,vetreriaetrusca.com
4364672,vetreriaetrusca.it
4604788,exeter-clocks.co.uk
9986952,erskine-law.com
13292775,parnabyremovals.co.uk
4243048,wrightsoffice.com
4243048,wrightsofficesupplies.co.uk
12861694,valleynetworksolutions.com
13690053,alfa105factory.com.au
12882982,e-yiltel.com
12882982,yiltelhali.com
8942566,swimedia.com
12393688,e-express.cc
11336408,cafeairstream.co.uk
6487578,eternity-web.net
3542890,thegablesholidaycentre.co.uk
13147699,georgina-boutique.com
5839907,celekt.nu
13633205,remoteexecutiveassistant.com
5108854,advanced-planning.co.jp
5351978,buildwebappnocostupfront.com
9140243,jimarti.com
4362300,oceanic-saunas.eu
4362300,saunabuild.co.uk
4362300,saunabuild.com
4362300,thebathingplace.com
147073,24sfs.co.uk
8262589,healthypa.net
8262589,papparx.com
8262589,pparxpa.com
8262589,pparxpennsylvania.com
8262589,rx4pennsylvania.com
8262589,rxforpennsylvania.com
7076897,esser-test-charts.com
7076897,esser-test-charts.de
7076897,image-engineering-shop.de
7076897,testchart.de
7076897,testcharts.de
11503134,maccbody.co.uk
14185591,vsourceasia.com
5884869,chinoproducts.com.au
8286370,nlthompson.com
5272456,guitaramprepair.com
5272456,proaudiorepairservice.com
8328143,chileanbeef.com
8328143,floorsunltd.com
3781364,brightonbuildingsurveyors.co.uk
8634635,secretshoppersonline.com
4612743,darlingsrealdogfood.com
4612743,darlingsrealfood.co.uk
4612743,darlingsrealpetfood.co.uk
13655526,aamcoglendaleoldtown.com
11769596,greensboroattorneync.com
11769596,greensborodwiattorney.com
4852722,coastalroasters.co.uk
5204741,apptelecomhelp.com
12881873,ykny.com
13140305,fortherecordproductions.com
13140305,nonprofitivideo.com
13140305,nonprofitivideo.net
13140305,signlanguagevideo.org
13140305,toronto-video-production.org
13140305,video-production-toronto.org
8357227,quantumclarity.net
5218466,aiemnet.net
5329540,angelichost.biz
5329540,angelichost.info
5329540,angelichost.us
5149122,accusitepetct.net
14100443,sharkforce.co
10595036,rochahousecleaning.com
9229711,trovato.org
3282112,hillgear.com
9770919,bajasurgical.net
5058895,childcare-east-ham.co.uk
5058895,fhcc-online.co.uk
12954413,passion-trust.biz
12954413,passion-trust.net
12954413,passion-trust.org
7753778,misource.net
7753778,misourcejobs.com
7753778,misourcejobs.net
11565387,simulis.eu
11565387,simulis.fr
9974771,axismith.com
9974771,txtwinder.com
10880187,segenhoegroup.com
10880187,segenhoestud.com.au
8736641,slgcp.ca
8736641,slgcp.com
7901811,netteamtech.net
5797187,cardinalsprings.ca
6990477,i-analyzer.com
7627217,divorcesanmateo.com
7627217,tdmfamlaw.com
4644377,gtrewards.com
6623561,bigwigs.org
6623561,deepc.info
6623561,deepc.net
6623561,flyingfoxautopilot.org
12512121,df1solutions.com
6207442,designmaster.com
5305003,americanalarmtec.com
12461594,capads.com.tw
8986497,tcmanager.de
14814082,flo-dyne.co.uk
14814082,flo-dyne.net
7446084,locksmithinleessummit.com
8007700,daetwyler-rd.com
8007700,mdc-dayton.com
8007700,ohiogravure.com
8007700,ohiogravuretechnologies.com
7999315,odysseydesigngroup.com
12951761,eworldlogistics.co.uk
6880264,harleedoorco.com
6880264,harleedoorcoinc.com
8702961,pauldilegopc.com
6774420,brandbutik.com
6993182,i4d-av.ca
9242050,uhthoff.com
8995235,team-meister.co.uk
8995235,teammeister.co.uk
7264357,johnkane.org
8966077,swedishcovenant.com
7606436,marinepartsource.com
7309475,kanova.biz
7309475,kanova.ch
7309475,kanova.eu
7309475,kanova.info
7309475,kanova.net
7309475,kanova.org
7309475,kanova.us
7309475,kanovaengineering.com
7074866,indelta.ca
168398,denholms.net
168398,singlesourceengineering.com
7890276,nederlandbroadband.com
7890276,nederlandcolorado.org
7890276,nederlandinternet.net
7890276,nederlandinternet.org
7890276,nederlandwireless.com
7890276,nedernet.net
8809249,bobbyriley.com
3287006,account-forex-managed.com
3287006,calculator-forex.com
3287006,calculatorforex.com
3287006,day-forex-trading.com
3287006,dayforextrading.com
3287006,directory-forex.info
3287006,easy-forex.com.de
3287006,easy-forex.de
3287006,easy-forex2.com
3287006,easyforex.com.au
3287006,easyforex.de
3287006,forexsoftwaretrading.com
9058111,tilkadesign.com
97800,thectrl.co.uk
168210,dogtraininghull.com
168210,hfhpetcare.mobi
6360517,ecologicmind.info
6360517,ecologicmind.net
6360517,ecologicmind.org
9827124,bocaratonbusinesslawyers.com
14000318,kirstincarey.com
14000318,kristincarey.com
12038293,sachslindores.net
13250545,memoryclinicwales.co.uk
10292934,homeluxgatorgold.com
10292934,homeluxnenplas.co.uk
10292934,homeluxnenplas.com
11488799,imarketmagic.com
5470368,avgam.com
11872456,fotiinc.net
5188293,adventech-group.com
6306167,almightyfodder.com
13702113,bankofarizona.net
13702113,bankofazonline.net
13702113,bankofazweb.com
13702113,bankofazweb.net
14865123,cal-x.net
5143898,accidentlawyervirginia.net
5143898,accidentlawyervirginia.org
10267812,hawkerfuneralhome.net
12375182,dividersmodernfold.com
12375182,dividersmodernfold.eu
4963563,matrixcabling.co.uk
308486,kiatraining.co.uk
8714105,holidaysinportugal.info
7866680,jk-kaiser.de
7866680,johannkaiser.de
12381225,patientcentral.co.uk
12570329,goodmayesautosales.co.uk
4083435,airriflesuk.com
7182102,ipspirates.ru
11672990,knithat.com
11672990,wisconsinknitware.com
5329709,aniden.biz
5329709,aniden.info
5329709,aniden.mobi
5329709,aniden.us
11457825,intravisual.co.uk
7779875,mojotown.com
7779875,mojotownstudios.com
6109500,nnnofferings.com
8249112,volatilitywatch.com
7617708,marysorganiccrackers.com
6399449,elementstooapts.com
11268525,aiesl.co.uk
8330436,propertiesinenugu.net
13804446,floristindaytonohio.com
6145121,davisharwellbiggs.com
7065966,ilnetwork.org
7065966,ilnetworkny.net
7065966,ilnetworkny.org
11862826,evyse.info
11862826,evyse.net
13719835,lumiereplacecasinohotel.com
13719835,lumiereplacecasinohotel.net
13719835,lumiereplacehotel.net
13719835,rccasinohotel.com
13719835,rcstlouishotel.com
13719835,rivercitycasinohotel.net
13719835,rivercitystlouisresorthotel.com
13719835,wwwlumiere.com
7010610,hroutsourcing.ru
12241816,ictuniverse.eu
13060392,autoshowcalendar.net
13060392,domainexplorer.net
13060392,engineeredsandstone.org
13060392,share-your-karma.net
13060392,shareyourkarma.org
13060392,stompdownkillaz.org
5218125,a-i-d.com
5246995,alcapharm.nl
14826253,actigain-pills.com
14826253,actigain-plus.com
14826253,actigainpills.com
14826253,actigainplus.com
14826253,actigainsupport.com
3516710,carl-stahl.com
3516710,carl-stahl.net
3516710,carlstahl-gmbh.biz
3516710,carlstahl-gmbh.com
3516710,carlstahl-gmbh.net
3516710,carlstahl-lifting.com
3516710,carlstahl-nordgreif.com
3516710,carlstahl-technocables.com
3516710,carlstahl.com.tr
3516710,federzug.com
3516710,handling-equipment.eu
3516710,hook-block.com
3516710,j-hook.eu
3516710,lifting-beam.eu
3516710,lifting-devices.eu
3516710,material-handling.eu
3516710,nordgreif-gmbh.de
3516710,rindt-lastaufnahmemittel.de
3516710,rindt-nordgreif.de
3516710,rundlitzenseil.com
3516710,rundlitzenseile.com
3516710,seilereien.com
3516710,seiltechniken.com
10806201,rca4tv.com
10806201,rcasupport.com
9496486,xsautoleasing.com
9610676,thewarrantyco.tel
7731331,midmortgage.com
3560142,3drisksolutions.co.uk
3560142,insight-appointments.co.uk
3560142,isign-appointments.co.uk
3560142,micrah.com
3560142,premex-insight.co.uk
3560142,premex-insight.com
3560142,premexgroup.co.uk
3560142,premexgroup.com
3560142,premexi-sign.co.uk
3560142,premexinsight.com
3560142,premexisign.co.uk
3560142,premexisign.com
3560142,premexservices.co.uk
3560142,premexservices.com
6842460,gscnc.com
6842460,gscsc.com
6729153,geodataportal.co.uk
9611762,ascotenvironmental.co.uk
12609602,inventivehitches.com
10896361,scottglasscorpuschristitx.com
8002533,ontariorph.com
10813552,redfishmedia.com.au
3573808,fairfaxsaddles.co.uk
5188780,advantagebeadfilterplugandplay.com
5188780,advantageplugandplay.com
5188780,advantageprofilter.com
5188780,koiponduv.com
7745913,endlessribbonfoundation.com
7745913,millcityaudiovisual.net
7745913,millcityav.com
7745913,millcityav.net
7059006,identiphoto.biz
7059006,identiphoto.net
4684412,proximamilano.biz
3544016,formose.eu
5432774,atlaswater.com
11544663,onceuponachildacadiana.com
11544663,onceuponachildaltamontesprings.com
11544663,onceuponachildanchorage.com
11544663,onceuponachildaustin.com
11544663,onceuponachildballwin.com
11544663,onceuponachildbarrie.com
11544663,onceuponachildbatonrouge.com
11544663,onceuponachildbattlecreek.com
11544663,onceuponachildbaybrook.com
11544663,onceuponachildbcs.com
11544663,onceuponachildboardman.com
11544663,onceuponachildburlington.com
11544663,onceuponachildburnsville.com
11544663,onceuponachildcambridge.com
11544663,onceuponachildcanton.com
11544663,onceuponachildcantonmi.com
11544663,onceuponachildcary.com
11544663,onceuponachildcentralct.com
11544663,onceuponachildcheyenne.com
11544663,onceuponachildchicagoland.com
11544663,onceuponachildchicagoridge.com
11544663,onceuponachildcincydayton.com
11544663,onceuponachildcitrusheights.com
11544663,onceuponachildcoloradosprings.com
11544663,onceuponachildcolumbia.com
11544663,onceuponachildconcord.com
11544663,onceuponachildcopperfield.com
11544663,onceuponachildcordova.com
11544663,onceuponachildcorpuschristi.com
11544663,onceuponachildcresthillillinois.com
11544663,onceuponachildcrevecoeur.com
11544663,onceuponachilddanbury.com
11544663,onceuponachilddavenport.com
11544663,onceuponachilddeptford.com
11544663,onceuponachilddover.com
11544663,onceuponachildduluth.com
11544663,onceuponachildedenprairie.com
11544663,onceuponachildelpasoeast.com
11544663,onceuponachilderie.com
11544663,onceuponachildfairbanks.com
11544663,onceuponachildfargo.com
11544663,onceuponachildfayetteville.com
11544663,onceuponachildfayettevillear.com
11544663,onceuponachildfindlay.com
11544663,onceuponachildflorence.com
11544663,onceuponachildflowermound.com
11544663,onceuponachildfortcollins.com
11544663,onceuponachildfortmyers.com
11544663,onceuponachildfranklintn.com
11544663,onceuponachildfredericksburg.com
11544663,onceuponachildgambrills.com
11544663,onceuponachildgarland.com
11544663,onceuponachildgilbert.com
11544663,onceuponachildgoldsboro.com
11544663,onceuponachildgoodyear.com
11544663,onceuponachildgr.com
11544663,onceuponachildgrandjunction.com
11544663,onceuponachildgrandrapids.com
11544663,onceuponachildgreatfalls.com
11544663,onceuponachildgreenbayappleton.com
11544663,onceuponachildgreensboro.com
11544663,onceuponachildgreenwood.com
11544663,onceuponachildhamilton.com
11544663,onceuponachildharlemandfosterchicago.com
11544663,onceuponachildharrisonburg.com
11544663,onceuponachildharwoodheights.com
11544663,onceuponachildhickorync.com
11544663,onceuponachildhunterscreek.com
11544663,onceuponachildidahofalls.com
11544663,onceuponachildindy.com
11544663,onceuponachildinlandempire.com
11544663,onceuponachildinrobinson.com
11544663,onceuponachildjacksonvillenc.com
11544663,onceuponachildjaxmandarin.com
11544663,onceuponachildjaxnorth.com
11544663,onceuponachildkirkwoodfairviewheights.com
11544663,onceuponachildkitchener.com
11544663,onceuponachildlacrosse.com
11544663,onceuponachildlangley.com
11544663,onceuponachildleessummit.com
11544663,onceuponachildlexington.com
11544663,onceuponachildlincoln.com
11544663,onceuponachildlittleton.com
11544663,onceuponachildlondon.com
11544663,onceuponachildlongmont.com
11544663,onceuponachildlouisville.com
11544663,onceuponachildmacleod.com
11544663,onceuponachildmandeville.com
11544663,onceuponachildmankato.com
11544663,onceuponachildmaplegrove.com
11544663,onceuponachildmatthews.com
11544663,onceuponachildmedicinehat.com
11544663,onceuponachildmelbourne.com
11544663,onceuponachildmetairie.com
11544663,onceuponachildmichiana.com
11544663,onceuponachildminnetonka.com
11544663,onceuponachildmississauga.com
11544663,onceuponachildmodesto.com
11544663,onceuponachildmonroe.com
11544663,onceuponachildmonroemi.com
11544663,onceuponachildmonroeville.com
11544663,onceuponachildnaperville.com
11544663,onceuponachildnaples.com
11544663,onceuponachildnewark.com
11544663,onceuponachildnewmarket.com
11544663,onceuponachildniagarafalls.com
11544663,onceuponachildniles.com
11544663,onceuponachildnorthindy.com
11544663,onceuponachildnorthtampa.com
11544663,onceuponachildnorthtoronto.com
11544663,onceuponachildoakville.com
11544663,onceuponachildokcnorth.com
11544663,onceuponachildomaha.com
11544663,onceuponachildonalaska.com
11544663,onceuponachildontario.com
11544663,onceuponachildorangepark.com
11544663,onceuponachildorlandofl.com
11544663,onceuponachildorlandparkillinois.com
11544663,onceuponachildpineville.com
11544663,onceuponachildplano.com
11544663,onceuponachildportage.com
11544663,onceuponachildraleigh.com
11544663,onceuponachildreddeer.com
11544663,onceuponachildregencypark.com
11544663,onceuponachildreno.com
11544663,onceuponachildrichmondhill.com
11544663,onceuponachildrochester.com
11544663,onceuponachildrosevillemn.com
11544663,onceuponachildroswell.com
11544663,onceuponachildroundlakebeach.com
11544663,onceuponachildroundrock.com
11544663,onceuponachildsa.com
11544663,onceuponachildsaginaw.com
11544663,onceuponachildsalem.com
11544663,onceuponachildsanantonio.com
11544663,onceuponachildsaskatoon.com
11544663,onceuponachildsayville.com
11544663,onceuponachildseaford.com
11544663,onceuponachildshakopee.com
11544663,onceuponachildsherwoodpark.com
11544663,onceuponachildsiouxfalls.com
11544663,onceuponachildstcatharines.com
11544663,onceuponachildstcloud.com
11544663,onceuponachildstjoseph.com
11544663,onceuponachildstlouispark.com
11544663,onceuponachildstoneycreek.com
11544663,onceuponachildstow.com
11544663,onceuponachildstpeters.com
11544663,onceuponachildstreamwood.com
11544663,onceuponachildsurprise.com
11544663,onceuponachildtampafl.com
11544663,onceuponachildtoronto.com
11544663,onceuponachildtorontosouth.com
11544663,onceuponachildtroy.com
11544663,onceuponachildtwincities.com
11544663,onceuponachildtwinfalls.com
11544663,onceuponachildvancouverwa.com
11544663,onceuponachildvarsity.com
11544663,onceuponachildvb.com
11544663,onceuponachildvillapark.com
11544663,onceuponachildvirginiabeach.com
11544663,onceuponachildwebster.com
11544663,onceuponachildwhitby.com
11544663,onceuponachildwilmington.com
11544663,onceuponachildwinstonsalem.com
6939163,ruckuswirelessnetworks.com
6939163,tereobackup.com
11109320,sanangelopatioawnings.com
6760990,glorious-solutions.nl
13301374,prodigiumpictures.com
13446273,ezylivinghomes.com
6396848,aglmonitoring.com
3460337,eurekarecess.com
5459894,carolinaautoglass.biz
5459894,carolinaautoglass.com
5381272,aristeoebiz.com
8141508,payfordeletion.com
11299925,appliedapplicators.com.au
11299925,wallgallery.com.au
6652726,fsccorp.co
6652726,fscpay.com
6652726,softstorage.net
6652726,vextrust.com
9812847,bitrate.mobi
6870690,gwmlaw.com.au
9210631,myzoneminder.com
9210631,phroco.com
9210631,triornis.net
9210631,wiretoweb.com
3781477,cppvs.moonfruit.com
11166798,joerussoconsulting.com
3234995,carpenterandcarpenter.com
12202630,drpaulsherwood.co.uk
12202630,juniormemorychampionship.co.uk
4599937,prehoc.com
4599937,prehocsolutions.com
148858,septictanksbristol.co.uk
13842647,goldenmoon.biz
13835543,freedomofexpressionexpert.org
8758334,xlistandards.com
8758334,xlisurveys.com
10373121,indextracking.com
5438380,atomsap.net
13088627,daviesgroup.co.uk
9143221,tridentglobalgrowthfund.com
9143221,tridentinvestment.com.au
9396353,shoppingcartwebsites.com
9396353,websitesoftware2go.com.au
10677985,organizelongisland.net
8311797,proretention.com
5734458,businesscashadvancemerchant.com
5734458,businesscashupfrontmerchant.com
5734458,businessfastestcashadvance.com
5734458,businessinstantcashadvance.com
5734458,businessinstantcashadvances.com
5734458,businessrestaurantcashadvance.com
5734458,businessrestaurantcashadvances.com
5734458,fastestbusinesscapital.com
5734458,restaurantcashprior.com
5734458,restaurantcashupfront.com
7672310,prepskinguard.com
4061114,circuittrack.co.uk
4061114,commercialexteriorlighting.co.uk
4061114,exteriorlightingfixtures.co.uk
4061114,highwirelighting.co.uk
4061114,lightinglowvoltage.co.uk
4061114,lowvoltagecablelighting.co.uk
4061114,lowvoltagetracklighting.co.uk
4061114,slvproducts.co.uk
4061114,top4lights.co.uk
5047164,kersleigh.co.uk
10780351,priority-one-advisors.com
10780351,priorityone-advisors.net
178989,psyfactor.eu
10038357,roharealestate.com
3479516,minimalit.co.uk
3938725,leisurelinefurniture.co.uk
12426607,asqottawa.ca
14190885,wfhenghao.com
3624449,airstream-int.co.uk
3614678,pettywood.co.uk
8490253,geoffsnow.com
67927,absoluteclarity.co.uk
67927,balderstone.org.uk
67927,barebasicfacts.co.uk
67927,cravendesign.co.uk
67927,lucid-networks.co.uk
67927,myer.co.uk
67927,omnibussolutions.com
67927,sjhcontracting.com
67927,sowood.org.uk
11306943,nickelsmart.com
381551,shfdata.net
6949337,hiraawnings.com
11386136,drics-law.com
11386136,drics.net
11386136,drics.us
11386136,dricslaw.net
5026141,curtainworkshops.co.uk
8656176,showtimedentalandorthodontic.com
8656176,showtimedentalandorthodontics.com
3275379,aria.ie
3275379,ariannaclothing.com
3944856,londonvictorianmosaicrestoration.me.uk
3944856,londonvictorianmosaicrestoration.org.uk
10221643,aquaboost.com
6373476,eddchina.co.uk
14133895,teletrax.tv
205831,bgld.co.uk
13704431,bayerenvironmentalscience.co.za
13704431,crackdown.co.za
13704431,premise.co.za
13704431,racumin.co.za
4112904,tes.im
10244335,grip.at
10244335,grips-and-fixtures.com
14200053,wikikloo.com
13638108,selfbuild-myhome.com
13638108,selfbuildmyhome.com
3888531,square1corporate.co.uk
3888531,square1sports.co.uk
6436641,ewx.co.za
6662747,buildingdoctor.com.au
6662747,buildingdoctor.net.au
6662747,buildingdr.com.au
6662747,buildingdr.net.au
6662747,commercialdiver.com.au
6662747,commercialdiver.net.au
6662747,commercialdivers.net.au
6662747,creativetouch.com.au
6662747,dianefalzon.com
6662747,diverservices.com.au
6662747,diverservices.net.au
6662747,divingcompany.com.au
6662747,divingcompany.net
6662747,divingcompany.net.au
6662747,divingservices.net.au
6662747,havarna.com
6662747,hullsurfacetreatment.com
6662747,hullsurfacetreatment.com.au
6662747,hullsurfacetreatment.net
6662747,hullsurfacetreatment.net.au
6662747,pages2scrap.com
6662747,philshenton.com.au
6662747,ravarna.com
6662747,riptearbust.com.au
6662747,rtb.net.au
6662747,thedrummersportal.com
6662747,yeldhamstaxation.com
4014393,pinflair.com
9541802,g88.com.au
3447875,jdcsigns.co.uk
11496400,lutzscoalyard.info
11496400,lutzscoalyard.net
12656549,neolaw.biz
3493860,buffet-service.co.uk
12942711,scotia-controls.co.uk
12942711,scotiacontrols.co.uk
12942711,scotiacontrols.com
8349406,quasus.be
8349406,quasus.co.uk
14188929,pulseoximeter-online.co.uk
14188929,wessex-medical.co.uk
8826034,spearsusedcars.com
7615505,arena-beauty-lounge.de
7615505,marcoarena.de
14818331,kpm-eu.com
11875442,ricombr.com
10416039,julian-bowron.biz
10416039,julian-bowron.net
10416039,julian-bowron.org
10416039,julianbowron.biz
10416039,julianbowron.com
10416039,julianbowron.net
10416039,julianbowron.org
15054449,mysourceagent.com
11677115,mystationery.info
11677115,plasticfantastic.net
11677115,stationery-online.info
5808936,caterxpress.com.au
5773685,rochesternycontractor.net
5379333,arecosnow.com
8438912,regalwines.com
13724321,briarhurst.net
13724321,briarhurstmanor.net
13887317,independentlivingharrison.org
4834140,swcaa.co.uk
3642627,cdsheetmetal.co.uk
11048238,stoneagemarbleandgranitenc.com
29083,nbassociatesuk.com
29083,ukratesrebateservices.co.uk
5728697,21615.eu
5728697,21615.nl
5728697,scm-bpo.com
8655504,sellmyhomeinlancasterpa.com
8655504,sellmyhouseinelizabethtownpa.com
8655504,webuyhousesinlancasterpa.com
7416255,leroyslawnequipment.biz
7416255,leroyslawnequipment.net
10091541,graphicsbyeb.com
15027952,prosperine.it
9195639,tsquarecm.net
3388234,ups-maintenance.co.uk
6035453,ancient-defense.com
6035453,ancientdefense.com
6035453,chaos-chronicles.com
6035453,coreplay.info
6035453,railway-empire.com
6035453,railwayempire.com
6035453,shadermagic.com
6035453,shadermagic.de
10457481,awningspermetroawnings.com
4765585,jontek.com
4765585,jontek.net
12001851,patriotwatersystem.com
8755774,strategiclearningsystems.biz
13997239,notarypublicstalbans-jonathanfoy.com
3824565,equipmentleasingni.co.uk
3824565,technologyleasing.info
3824565,technologyleasing.net
3824565,technologyleasingni.co.uk
3824565,technologyleasingni.com
3376419,lvcltd.co.uk
8216593,plumlizard.sk
7468709,libertytowers.biz
7468709,libertytowers.us
5773735,cotton-blankets.co.uk
5773735,kitchentowelsbathrobes.co.uk
4629181,aquaenviro.com
3832270,faceheswall.co.uk
7131759,inte.com.cn
11979452,nbdky.com
8095427,pantherconcrete.com
8313439,aviagen.co.za
8313439,beautifulprague.co.za
8313439,bechira.co.za
8313439,bodyguardsafrica.com
8313439,kbenterprise.co.za
8313439,mekanes.co.za
8313439,mrmretail.co.za
8313439,pestx.co.za
8313439,rentalrisk.co.za
8313439,rietpan.co.za
8313439,rubbleremovalspec.co.za
8313439,samtechcc.co.za
8313439,srpublishing.net
8313439,thethorntreelodge.co.za
10677636,orchardshellil.com
9660938,advanceonlinesolutions.com
9660938,motorcarriersafetyonline.com
9660938,motorcarriersafetysystems.com
9624856,4dorganising.co.uk
10400523,josephmeehanlaw.com
9042224,eye-pilot.co.uk
9042224,eye-pilot.com
11123165,vardaalarm.com
11123165,vardasilentalarm.com
4002085,pajroofing.co.uk
13884292,icollectcoca-cola.com
13884292,icollectcues.com
13884292,icollectphones.com
13884292,icollectwine.net
6908046,askthelab.com
6908046,hnlabs.com
6908046,hnlclients.com
3670606,aerospacerec.com
3503027,worthschool.org.uk
13022926,ashevillelandproperty.com
13022926,ashevillemountainland.com
13022926,ashevillemountainproperties.com
13022926,bhmortgages.com
13022926,bhmortgages.net
13022926,bhmortgageservices.com
13022926,bhmortgageservices.net
13022926,biltmoreforestnc.com
13022926,buncombeland.com
13022926,highcarolinagolfcommunities.com
13022926,highcarolinagolfing.com
13022926,tigersgolfcourse.com
13022926,tigerwoodsgolfcoursenc.com
13022926,tigerwoodsnc.com
13022926,wncgolfcommunities.com
13664927,closedmyloan.com
9116701,associateddentistspontiac.com
9116701,beichantiquetiles.com
9116701,customtrainingservices.com
9116701,gsports2win.com
9116701,pc-laptop-repair.com
9116701,ronulmer.org
9116701,zeronewcost.com
9116701,zookconstruction.com
4767103,ibexropes.co.uk
4767103,ibexropes.com
11027257,the-candle-cup-company.co.uk
11027257,the-candle-cup-company.com
11027257,thecandlecupcompany.co.uk
12462482,carculate.nl
4518661,bmocorpmc.com
4518661,bmoenterprisespend.com
4518661,bmoeps.com
4518661,bmofundsus.com
4518661,bmogamus.com
4518661,bmoharrisefc.com
4518661,bmoharrisprivatebanking.com
4518661,bmomonegy.com
4518661,bmonb.com
4518661,bmoskating.com
4518661,bmospendandpayment.com
4518661,marshallfunds.com
3613730,firetherm.co.uk
5063570,calibregroup.com.au
4688759,s-e-l.co.uk
4688759,selective-edge.co.uk
4688759,selective-edge.com
4688759,selectiveedge.co.uk
4688759,selectiveedge.eu
4688759,selectiveedge.info
11484292,business-and-corporate-promotional-gifts.co.uk
11484292,business-and-corporate-promotional-gifts.com
11484292,cheap-logo-and-graphic-design.co.uk
11484292,cheap-logo-and-graphic-design.com
11484292,landscape-brochures.co.uk
11484292,pullup-and-exhibition-banners.com
11484292,self-inking-stamps.co.uk
5203819,angelfiremountainrealty.com
5203819,bellatierra.net
5551223,beld.net
3257717,simplifinance.co.uk
7784547,usamailaddresses.com
212904,cowbridgebycandlelight.co.uk
212904,cowbridgechristmas.co.uk
212904,llantwitmajorchristmas.co.uk
212904,porthcawlchristmasfestival.co.uk
13911819,bestmiamibeachrealty.com
13911819,finestofsouthflorida.com
13911819,markschoonoverrealestate.com
13911819,marysellsrealestate.us
13911819,patsellsjupiter.com
13911819,southfloridahomesearchmls.com
13911819,staronrealty.com
13911819,viviangarcia-realestate.com
8737888,skagitrad.com
8737888,skagitrad.org
8737888,skagitradiology.net
8737888,skagitradiology.org
9444247,whitefordproperties.co.uk
6364327,edgarsevillalaw.net
7019532,huynam.com.vn
7019532,huynam.net
3773127,coretechsystems.org
6448691,epesges.com
7235995,epassrewards.com
7235995,i-marketingonline.com
7235995,jfitzg.com
7235995,paybackincentives.com
4072020,smgroundworks.net
10738438,polarbatteryca.com
10738438,polarrepairca.com
10738438,polarservicecenterca.com
10738438,polarwatchca.com
10413877,kc3corp.biz
10413877,kc3corp.net
10413877,kc3it.net
7007542,html5tricks.org
4494109,3sixtyrealestate.com
4494109,pyramusandthisbe.co.uk
4494109,schedulesofcondition.com
4494109,thepartywallconsultancy.com
9853114,thestudionebula.com
98305,premiervinylsolutions.co.uk
98305,threadprotectors.org.uk
10978633,solarvisor.net
3608494,parex-mather.co.uk
3608494,parex-mather.eu
3608494,parex-mather.info
3608494,parex-mather.net
3608494,singe-machine.co.uk
3608494,singe-machine.com
3608494,singe-machine.info
3608494,sirjamesfarmernorton.co.uk
4245102,checo2000.co.uk
4245102,oakwoodenvironmental.co.uk
4245102,oakwoodgroup.uk.com
5494883,bag-suppliers.net
5494883,bagmanufactory.com
5494883,chinabagmanufacturers.com
9104487,thestorageyard.net
10691211,outdoorstore.co.za
4516240,iqraacademy.org.uk
11605921,southyorkshirevending.co.uk
8989784,taiki-e.com.tw
4942819,rackingsafetymanagement.co.uk
4942819,saferacking.co.uk
7496578,renoloans2go.com
7496578,rvloans2go.com
10641488,networkintegrityinc.com
4353886,leftfield-consulting.co.uk
4622267,glassworld.ltd.uk
8011044,oekotest.es
12036007,rodolfflaw.com
7766978,mobilebriefs.com
5137139,onuko.com
5137139,suckmyfat.com
5137139,totre.com
14191222,delta-lodge.com
7580203,magna-amusements.co.uk
5257981,alinity.net
5807094,alexandria-va-carpet-rug-cleaning.com
5807094,bethesda-md-carpet-rug-cleaning.com
5807094,carpet-cleaning-culver-city-ca.com
5807094,carpet-cleaning-gardena-ca.com
5807094,carpet-cleaning-hawthorne-ca.com
5807094,carpet-cleaning-hermosa-ca.com
5807094,carpet-cleaning-lomita-ca.com
5807094,carpet-cleaning-manhattan-beach-ca.com
5807094,carpet-cleaning-rancho-palos-verdes-ca.com
5807094,carpet-cleaning-redondo-beach-ca.com
5807094,carpet-cleaning-san-pedro-ca.com
5807094,carpet-cleaning-torrance-ca.com
5807094,carpet-cleaning-westchester-ca.com
5807094,centreville-va-carpet-rug-cleaning.com
5807094,chevy-chase-md-carpet-rug-cleaning.com
5807094,fairfax-va-carpet-rug-cleaning.com
5807094,gaithersburg-md-carpet-rug-cleaning.com
5807094,great-falls-va-carpet-rug-cleaning.com
5807094,kensington-md-carpet-rug-cleaning.com
5807094,mclean-va-carpet-rug-cleaning.com
5807094,oakton-va-carpet-rug-cleaning.com
5807094,potomac-md-carpet-rug-cleaning.com
5807094,reston-va-carpet-rug-cleaning.com
5807094,rockville-md-carpet-rug-cleaning.com
5807094,silver-spring-md-carpet-rug-cleaning.com
5807094,springfield-va-carpet-rug-cleaning.com
5807094,vienna-va-carpet-rug-cleaning.com
3373181,rich-mond.com
10823961,rygg.biz
9258029,usfundingspecialists.com
8508471,rocketmoto.net
9308714,webapptron.ca
9986685,csvue.co.nz
13207370,jenkinsimportsjaguar.com
13207370,jenkinsjaguar.com
13207370,jenkinsjaguarvolvo.com
13207370,jenkinsvolvo.com
13207370,jenkinsvolvojaguar.com
10730508,mbdc.eu
11422368,gentleediting.net
7253932,jonellessalon.net
15082186,quality-assurance.com
15082186,r2recycling.co
7605005,getmapvine.com
8093832,performanceplusmachine.com
5713356,colonial.com.fj
5713356,colonialfiji.com
5713356,fiji-bank.com
5713356,fijiinsurance.com
4520056,noblecom.co.uk
9985062,dennisropehorses.com
9985062,rockincdranch.com
7241933,bobscompany.com
5281702,gccoffice.net
11836996,demoniasheatingandcooling.com
3394169,helixengineeringservices.co.uk
6888131,harperbussales.com
6888131,mindconceptshosting3.com
9115528,emb-love.com
9115528,emblove.com
9115528,embroidery-love.com
9115528,embroiderylove.com
9115528,thread-love.com
3572580,missmillies.com
7536468,mouldingassociates.com
13269682,murraymackeson.co.uk
5884378,chicagoorthopedic.org
6222160,diazcommunicationsllc.com
7237069,jeu-et-application-gratuite.com
11162279,whitehouse-events.com
9848596,broadcastrentalshd.com
9848596,hdbroadcastrentals.com
9848596,hdcamerarental.com
9848596,sonyhdcamera.com
9848596,sonyhdcameras.com
4694499,tbshs.herts.sch.uk
12965019,thebeatsuite.co.uk
11131174,attonics.biz
11131174,attonics.com
11131174,attonics.de
11131174,huedive.com
6622029,appcircle.com
6622029,flurrymobile.com
6622029,flurymail.com
10951735,starkinstoughton.com
10951735,stomo.co
13838470,auditpreparation.org
3535966,thermalsystems.ltd.uk
3991230,newlookbusinesssolutions.co.uk
9936347,clmcomputerservices.com
8720906,247schedule.com
8720906,schedulehealth.com
14895054,anxietyhelpfordogs.com
14895054,arthritishelpfordogs.com
14895054,arthritisrelieffordogs.com
14895054,dogarthritisrelief.com
14895054,flavocin.com
14895054,flavocinfordogs.com
14895054,helpingyourdog.com
14895054,yourolderdog.com
299692,jlhprint.co.uk
9317481,vipautocenter.com
5437385,atrac.net
6329782,dynamicenergetics.org
6329782,naturalhealthaccessories.com
6329782,naturalhealthaccessories.net
6329782,naturalhealthaccessories.org
8540118,rrrc.org.au
5442073,audiolairstudio.net
5442073,audiolairstudio.org
9533467,zanesullivanseminars.com
3549441,datalab.co.uk
10422771,khappraisalservicesin.com
5701493,listenoncommand.com
5701493,papertopodcast.com
5701493,podcastonestop.com
5701493,radiostreamhost.com
5701493,tvoncommand.com
9637264,abego-software.de
9637264,abego.de
9637264,abego.eu
9637264,abego.org
6383132,emailbelief.co.uk
5544160,ker.gr
10240161,showerdoorseal.org
4283984,globalimmigrationattorneys.com
4283984,immigrationlegalclinic.com
4283984,myimmigrationonline.com
7659829,mecachim-finishing-design.com
7709552,annarborcommercebank.com
7709552,auburnhillsbank.com
7709552,bankofauburnhills.com
7709552,brightoncommercebank.com
7709552,grandhavenbank.com
7709552,kentcommercebank.com
7709552,kentcommerceonline.com
7709552,macombbank.com
7709552,muskegoncommercebank.com
7709552,oaklandcommerce.com
7709552,oaklandcommercebank.com
7709552,paragonbankandtrust.com
7709552,portagecommerce.com
7709552,portagecommercebank.com
11394242,econ-ecol.co.uk
3235945,brimmit.com
3235945,nemetos.co.uk
3235945,sitecoreinabox.com
3235945,sl.dk
3297316,dril-quip.no
15034382,psepc-sppcc.gc.ca
15034382,psepc.gc.ca
5939774,americable.com
5939774,apaenterprises.com
5939774,clearfieldconnections.com
5939774,clfd.net
5939774,fiberpuzzle.com
6931385,hertz.ag
6931385,hertzappraisals.com
6931385,hertzfarms.com
6931385,hertzrealestate.com
6931385,hfmgt.com
6931385,hfmgt.net
6931385,swiresland.com
6931385,wirthag.com
3928311,laings-edinburgh.com
3928311,laings.co.uk
9896128,cckro.com
9896128,ro-system.net
13647334,palmerag.co.uk
11364847,crashcoursesoftware.net
13505156,id-cardprinters.co.uk
9614137,022220.com
9614137,103301.com
9614137,1100011.com
9614137,155551.com
9614137,190949.com
9614137,205502.com
9614137,233332.com
9614137,302203.com
9614137,322222.com
9614137,609906.com
9614137,622222.com
9614137,669969.com
9614137,756675.com
9614137,890098.com
9614137,8990998.com
9614137,betcloud.com
9614137,betrapid.com
9614137,betwing.com
9614137,bigbullet.com
9614137,buataksesibc.com
9614137,ibc123.com
9614137,ibc128.com
9614137,ibc168.com
9614137,ibc818.com
9614137,ibc888.com
9614137,ibcbet.com
9614137,puntbee.com
4522192,plumber-reading.com
8758648,snowbird.net
12591031,horakglass.com
12591031,horakmirrors.com
11031771,eastbaypartners.net
4170159,bryanofbarry.com
4170159,glass2replace.com
4170159,mistedglassrepairs.com
6353517,egroceries.com.my
6353517,grocery.com.my
7882309,njsolution.com
7882309,safetycorner.com
7882309,safetyshopping.com
7882309,safetytalk.com
10051716,donsdockcatering.com
64392,fridaysmove.co.uk
12646925,ksb8.com
11399659,essereassocies.com
7343441,kingsforce.com.sg
6820426,dallasstrategy.com
3538386,4wayit.co.uk
3538386,4wayit.com
3538386,4wayitsolutions.co.uk
3538386,4wayitsolutions.com
3538386,4waysupportservices.com
3538386,barotelondon.co.uk
3538386,chambou.co.uk
3538386,fireworkshut.com
3538386,fourwayit.com
3538386,fourwayitsolutions.com
3538386,fourwaysolutions.com
3538386,guzumped.com
3538386,iomegarev.com
3538386,istoreit.co.uk
3538386,itsmymove.co.uk
3538386,marylina.co.uk
3538386,mp3playersonline.co.uk
3538386,synesifamily.co.uk
3538386,synesifamily.com
8697926,sigma-group.net
13350214,doyourbrew.com
9024871,artandarchitecture.com
9024871,canadaholidays2012.com
9024871,citysprintvacations.com
9024871,learningvacations.com
3599552,burtonsafesuk.co.uk
3599552,wgsafesonline.com
3599552,withygrovefurniture.com
7561902,lubbockimagingcenter.net
4350456,inner-security.co.uk
4350456,inner-security.net
4350456,innersecurity.co.uk
4350456,innersecurity.net
11070452,trademarkshortsalenetwork.com
5923167,cleanworkscanada.ca
12850430,uog.dk
14817539,britishmadepromotionalmerchandise.co.uk
14817539,clearprospects.co.uk
14817539,clearprospects.com
14817539,earplug.org.uk
14817539,eyemaskshop.co.uk
14817539,floatingkeyrings.co.uk
14817539,personalizedluggagestraps.co.uk
14817539,sashes.org.uk
14817539,suitcasestraps.co.uk
14817539,thejetrest.com
14817539,wheat-bags.co.uk
14817539,wheatybags.co.uk
6673851,epri-gtc-siting.com
12460951,cal-tree.net
9174291,trappeyshotsauce.com
12832836,theaterlogos.com
14062877,recruitersofminnesota.com
14062877,recruitersofmn.com
13043818,accurateinformationanddataentry.com
13043818,dallasdataentry.com
13043818,ladataentry.com
13043818,texasdataentry.net
14953421,hotpixel.com.mx
14953421,hotpixelinteractive.com
15102750,pollutionindex.com
15102750,quickequip.biz
15102750,quickequip.com
15102750,wtc-global.eu
15102750,wtcglobal.eu
4695735,theproductiondepartment.co.uk
5434492,acsmonitoring.com
5434492,linkatlantic.com
5305614,americanautoglassllcpalmbeachfl.com
4365130,swanseadesign.com
8661790,innernetconsulting.com
12691726,professionalsaustralia.org.au
9219162,thinkwithoutink.net
15069458,japanesecuisinerestaurant.com
15069458,japansushirestaurant.com
8519122,ronintechpartners.com
12313552,total1031exchange.com
8402292,ramwtraining.org
8402292,searchramw.org
8303833,buildingquotes.co.nz
8303833,cleaningquotes.co.nz
8303833,electricianquotes.co.nz
8303833,heatingquotes.co.nz
8303833,legalquotes.co.nz
8303833,plumbingquotes.co.nz
8303833,securityquotes.co.nz
3231708,gargoyle-partners.co.uk
3231708,gargoylepartners.co.uk
7066589,ictetc.co.uk
7066589,ictetc.info
4677603,netelip.es
9921376,cincsolutions.co.uk
7835015,municipalcoderesearch.net
7835015,municoderesearch.com
7835015,municoderesearch.net
10679629,ormsbylaw.net
12960718,ecocard.biz
12960718,ecocard.dk
12960718,ianholmes.co.uk
12960718,psi-holdings.com
12960718,psipay.com
10787671,pcsconsultingservices.com
13636790,totaleman.co.uk
6789690,gpisraeldiamonds.com.au
13105754,drelectricky.net
4338475,zeus-advertising.co.uk
4119280,suttoncourtcarecentre.co.uk
9039821,csgtv.ca
4495017,awh-utilityservices.ltd.uk
19068,letpropertyrecovery.com
6288297,downee.com.au
12553405,tile-medallions.com
3462026,computer-cabling-specialists.com
3462026,phi-networks.co.uk
4854930,drumandstrum.co.uk
4854930,nottinghamdrumcentre.co.uk
4854930,nottinghamdrumcentre.com
4854930,nottinghamguitarcentre.co.uk
4854930,nottinghamguitarcentre.com
6751174,goodxenon.com
5580999,weinsureyourtoys.com
123976,whyithappened.com
6070710,cryptographicworks.ch
8834359,euromatic-pumps.com
8834359,speronigroup.com
8834359,water-pump.eu
7530733,logos-technologies.com
7530733,logos-technologies.net
7530733,logostech.net
7530733,logostech.org
8949384,swiznet.com
8949384,swizz-it.com
8949384,swizz-net.com
8949384,swizz-tech.com
8949384,swizznet.net
8949384,swizztech.com
5605089,bin-arch.com
8930946,surerecordpoolnyc.com
13385538,sutherlandbarnes.co.uk
5045126,brandme-uk.com
5045126,brandme.co.uk
3697331,ausgeothermalhvac.com.au
6672413,itsthisgood.com
10942403,spirotechsystems.com
8788084,snowyws.com
7572249,manner-group.com
13338540,seagen.com
10228479,gomobilelist.mobi
11858654,accentrealtyandrenovations.com
4004209,openuniversity.co.uk
5648959,b-rlegal.com
5648959,bobilyalawgroup.com
5648959,bobilyareidy.com
7017799,hudlinenterprises.ca
7017799,hudlinenterprises.com
7017799,hudlinglobalmedia.ca
7017799,hudlinglobalmedia.com
13124445,ableincorporated.com
7182240,istweb.net
12678577,mcgregor-fashion.us
9637576,abetterplumber4you.com
9637576,abetterplumberforyou.com
9637576,abetterplumberplumbinglasvegas.com
3588746,benchmarksoftware.co.uk
3588746,benchsoft.co.uk
14822958,a-florida-cpa.com
14822958,hollywood-florida-cpa.com
14822958,leggcpa.com
9137438,viralmarketingadvertising.com
15097117,wdcwebsitedesign.com
14904462,jglazelaw.com
5592631,billknightford.mobi
4695282,maisonmascara.co.uk
12971290,albertabbottmotors.co.uk
7080635,imsrecycles.com
8595425,salesrecruitmentagencieslondon.co.uk
12601109,acousticmassmeter.com
12601109,aquaprofiler.com
12601109,hydrovision.net
12601109,hydrovision.org
6144822,thedavisbangkok.co.th
6144822,thedavisbangkokhotel.com
6407684,blindview.info
6407684,embedia.biz
6407684,embedia.ca
6407684,embedia.info
6407684,embedia.org
6407684,embedia.us
6407684,embediatechnologies.ca
6407684,embediatechnologies.com
6407684,embediatechnologies.net
3666424,achom.co.uk
5769882,camalidesign.co.uk
9617940,1stpriorityofmemphis.mobi
8736826,siorchicago.com
6081479,crownspinning.ca
9766916,b4md.org
7731492,milappresses.com
7731492,milappresses.in
9400551,wwd.com.au
11175118,woodssoutherndevelopers.mobi
10675615,oraxsdi.com
4411020,orangeadmarket.co.uk
4411020,orangeadmarket.de
10990283,t1andmplsnetworks.info
3522592,amaccountantslimited.co.uk
3522592,anthonymarkham.co.uk
12659152,lipapv.com
9613870,midlandbuild.com
9613870,premiergroupservice.co.uk
9613870,premiergroupservices.co.uk
3457267,create-presence.com
4224718,malaikaevents.moonfruit.com
14831882,coleporter.com
14831882,grouppiano.com
12681685,miamiwebpro.com
12681685,popcreative.net
6230726,digispaced.org
8825169,storeroomsolutions.com
4971629,sfsgo.co.uk
11893778,gw1000.us
4256816,eastlands.co.uk
11928029,kjdglobal.com
14039332,playsafemouthguards.co.uk
3296240,thevillagebeautysalon.co.uk
5894857,cyrealestate.com
13797312,doctorlauri.com
13797312,malibubleach.com
6395734,emedsolsbackup.com
8144472,v2.ca
5334374,anotherjustsold.net
12426735,thetreesurgeon.com
8520514,mobi-crane.com
5857327,etiquettechapter.com
15096048,wmcglobal.com.au
5121772,aatechtraining.com
5055347,cc-storage-solutions.co.uk
12384514,harleystreetmedicolegal.co.uk
7833079,muzhosting2.com
6790710,goldrushinn.ca
12992507,aloe2vitality.co.uk
12992507,aloeveraireland.co.uk
12992507,bioslifewithoutlimits.co.uk
12992507,foreveraloe306.com
12992507,foreverperfect.net
12992507,wicklowaloevera.com
14191927,greaseguzzler.co.uk
14191927,greasetrapsdirect.co.uk
14191927,greasetreatment.co.uk
14191927,miniguzzler.co.uk
14191927,sedimate.co.uk
14191927,wastewaterfm.co.uk
14191927,wastewaterfm.com
14191927,watling-hope.co.uk
14191927,watlinghope.co.uk
14191927,watlinghopedirect.co.uk
7238588,jeuappgratuites.com
6992461,hoteltiptopplaza.in
9631644,a24go.com
4370335,bmhowarth.co.uk
3620592,creoda.co.uk
9399327,codemutt.net
9110545,creeksideoutdoor.com
14840741,arkclothing.co.uk
13699861,b2bmanufactures.com.tw
12731816,pacificfasteners.com.au
8590449,sarahsponies.com
8590449,sarahsponyparty.com
11762122,apolloteam.com
8218289,pmaggiarchitects.com
11179655,wel-score.com
4614457,ice-communication.com
13734193,sppd.gc.ca
3576408,omegaresource-gulf.co.uk
3576408,omegaresource-gulf.com
3576408,omegaresource.com.au
3576408,omegass.co.uk
6754297,gls-inc.com
7155225,intgi.net
7155225,intgi.org
7323476,mrwg.com
12216984,sirey.com
10714795,jerzystudio.com
10714795,mroczekllc.com
10440615,kunalcalciumltd.com
15076644,terrorglory.com
120737,the-minxes.co.uk
8702359,smithmoorelaw.com
8702359,smlperspectives.com
