company_id,tag
8091939,"technology"
5758989,"Halal certifying"
10485152,"Disadvantaged"
14084977,"interiors"
9719731,"wholesale supply"
12676770,"web design"
5210859,"computer repair and IT support"
7504983,"travel"
10140008,"consulting"
5139366,"Aon Community"
13434192,"engineering services"
6834859,"marketing and sales"
5750519,"catering"
8659047,"leasing"
13307750,"infrastructures developing"
13948165,"accounting"
11761108,"law"
12804914,"consultancy"
9605209,"Building And Civil Engineering"
9006111,"Software Development"
5577538,"oil"
3554910,"design"
13982119,"general practice"
10180724,"repair"
7766636,"management search"
6263037,"law"
3711917,"estate"
11487133,"car"
7747244,"estate"
7021876,"product design"
9776258,"financial institution consulting"
7255804,"Media"
6720125,"lending"
6746554,"practice consultancy and project management"
6746554,"service"
6339526,"Eagle Products"
6339526,"manufacturing"
11044385,"share trading education"
8181098,"plate"
11566596,"marketing"
10475231,"financial planning"
9391519,"Mortgage"
3304290,"property investment"
6344052,"estate service"
9907106,"landscaping"
10909696,"insurance"
8815801,"civil and defence systems"
7307526,"kiosk"
10513234,"law"
9799147,"immediate care"
12622178,"appliance repair"
13975908,"garment accessory"
12243417,"Visual Communication"
8079693,"Trader and Service"
7921807,"career placement"
12067012,"Employment Network"
5539368,"web development and design"
12458688,"immigration service"
4765491,"music PR"
12848169,"biomass boiler"
13377303,"IT services"
5249058,"economic development and consulting"
7711958,"hydrographic survey"
9043075,"product development"
12838431,"social service"
11353083,"used car"
5163919,"holding"
8249114,"promotional"
11664530,"landscape design"
5550652,"bedroom furniture"
6449184,"Engineering"
8609917,"automation"
8609917,"engineering"
7230383,"joinery"
4405520,"Law"
5092678,"Marquee"
10596647,"internet marketing"
11735432,"IT support and maintenance service"
6805361,"wine"
7005221,"HR consulting"
13764161,"law"
8856176,"gift and stationery"
6357056,"service"
15023525,"Solutions"
9652951,"training"
6265454,"software"
9422326,"software"
12114224,"portfolio management"
12103064,"pump"
9459054,"Software Development"
9459054,"service oriented"
7209484,"consulting and investment"
7664653,"law"
13944491,"logistics"
12621305,"science and technology"
6666688,"B2C"
12209055,"transportation"
7657822,"non-profit"
10965809,"immigration law"
12739166,"trading"
7636176,"computer hardware and software"
6016675,"management and financial advisory"
12300390,"solar"
13683279,"software development"
7749192,"design oriented"
5324773,"mortgage"
9760177,"automotive collision repair"
5290533,"Energy"
5290533,"Network is business and professional networking"
9217628,"Film Production"
7674907,"event production"
9943203,"Benefit"
7585613,"deck"
10231174,"waste removal"
3994250,"motor"
12724592,"web design and development, video, branding, and event management"
6266654,"IT"
6266654,"solutions"
11822526,"financial services"
4945309,"subcontracting"
3553309,"management"
11485378,"auto"
10296117,"Welding Gas Equipment"
292031,"engineering and design"
292031,"infrastructure"
10779552,"property development"
5948143,"Wholesale"
7264222,"technology consulting and implementation"
5856898,"inspection"
8978506,"engineering"
8384879,"market research"
10350772,"Property Management and Brokerage"
7770867,"interior design"
5091795,"career and education consultancy service"
10871650,"recycling"
7346896,"car and used car"
13881723,"service"
6920118,"HVAC services"
8179551,"external power supply"
9935162,"CPA"
9935162,"accounting"
10390419,"design"
8014438,"non-profit"
6600510,"web development"
14971852,"e-commerce"
8428248,"internet marketing consulting"
7376662,"law"
5634886,"engineering"
6700836,"stationery"
10640237,"solution"
13784776,"building and remodeling contractor services"
8354621,"IT infrastructure supplier and service"
9895083,"software"
8607467,"IT services integrator"
11966194,"video production"
10730892,"animal"
5798456,"supply"
6833622,"industrial"
14102607,"SEO"
9299523,"utility truck parts and accessories"
11364008,"affiliate advertising"
14841467,"software"
3349909,"construction"
3349909,"website design"
9034290,"graphic design"
4364191,"service"
9752918,"Notary signing service"
13190765,"consultancy"
11009527,"solutions"
4954039,"Community"
10165937,"service"
9149676,"SEO"
7972621,"providing"
6103760,"law"
13920627,"Painting"
10702245,"developing support"
8737507,"training"
7341842,"roofing"
5993068,"consulting"
7902625,"website designing"
7195220,"insurance"
12072642,"solution"
7684671,"medical news reporting"
5929715,"Financial Advisory and Merchant Banking"
5929715,"investment banking"
13845429,"sales and consulting"
11126510,"Solutions and Software Development"
7734300,"locksmith"
12894187,"production"
3456774,"graphic design, print, web design, vehicle and sign making"
8958671,"Housing"
14003681,"digital marketing"
11580456,"installation"
6348790,"research and development"
10422061,"website development"
11116376,"Environmental Management"
13744922,"company Tree Surgery"
6040383,"eHealth solutions"
12110921,"window cleaning"
9673398,"air conditioning and heating"
7755685,"application development"
8690399,"estate"
6333507,"stock"
7342600,"telecommunications consulting"
10825231,"remodeling"
8823009,"technology"
8140617,"production"
4167,"touring theatre"
3546834,"travel reservation system"
13396901,"Design/Branding/Consulting"
12995374,"advertising"
9680012,"law"
7427290,"law"
10902057,"web development"
13348047,"consulting and advisory"
10979394,"web site design"
11097087,"packers and movers services"
3322148,"tour"
317376,"logistics"
10016465,"car"
8921242,"law"
7170462,"cooling solutions"
8029329,"website design"
8029329,"website development"
14860650,"Building & Pest Inspection"
12649721,"group"
9104808,"Styling"
8800244,"management consulting"
12709740,"training"
3660934,"disease law"
9396705,"fitness"
7158804,"estate"
7456965,"IT services and software"
6983637,"marketing distribution"
5663815,"Cable Contract Service"
4278288,"music publisher and consultancy service"
4271544,"law"
7907181,"foreign employment recruitment services"
12438328,"Information Technology"
14975807,"Land Development"
13351404,"contractor and construction management"
13347452,"holding"
6164579,"construction"
292861,"freelance copywriting"
10841642,"shipping, printing and postal box rental"
12560091,"design/build/install decorative concrete"
5431798,"technology consulting"
11601209,"contracting"
11601209,"pool"
7789643,"moving"
7937329,"It Solution"
3715401,"digital media"
5318461,"service"
12071772,"data solutions"
12071772,"solution and service"
7307052,"hospitality"
9426630,"consulting"
5422480,"seo"
5422480,"web design and web development"
12585207,"furniture"
3632075,"commercial"
10832849,"software development"
10173536,"Financial services"
15016358,"estate"
7668184,"media training, speech coaching and crisis communications"
5074275,"cleaning"
7366589,"siding"
8418334,"estate development"
15001886,"health care"
13762272,"insurance"
7152053,"training and development"
14190460,"Internet marketing"
6113465,"importer and contract"
12034665,"estate investment"
12430799,"stock"
11648944,"Chicagoland two-way radio"
13292775,"removal"
5104101,"communications"
3839523,"support"
3855178,"web hosting"
9813610,"the construction"
11816037,"mobile"
5612784,"ad"
11507792,"marketing, public relations and advertising"
8759683,"landscape management"
8759683,"leasing and management"
5141533,"media and technology"
12393688,"logistics"
8548231,"recruitment"
6282673,"security"
3696816,"car parts"
8562247,"asset management"
12191078,"video production"
8033807,"information technology"
11320784,"Estate"
4362300,"internet"
147073,"fostering"
8935867,"travel"
5711776,"solar"
5764723,"fitness and sports training"
7101924,"salary processing"
13200508,"communications"
12797950,"security"
9751369,"plumbing"
367507,"meeting management"
7602503,"Landscape Design, Installation & Maintenance"
10932537,"service"
8113852,"estate development, surveying and valuation"
4612743,"dog food"
9404468,"consulting engineering"
11829149,"arts"
4008346,"marketing recruitment"
9852899,"building"
4264177,"web hosting"
4920798,"surgical instruments"
8391552,"consulting and management recruiting"
7029339,"detective"
9056585,"branding"
6556349,"travel"
9473111,"engineering"
7260310,"service"
3282112,"clothing"
7753778,"recruiting"
11565387,"chemical engineering software"
64156,"IT consultancy"
12733179,"fitness and healthcare"
6227569,"wholesale distribution"
4875985,"print and communications management"
6452700,"distribution"
13503482,"computer"
9105990,"construction"
10038480,"engineering and consulting"
7612310,"medical consulting"
6429372,"glass finishing, glass work and home renovations"
7804443,"non-profit"
7627217,"Law"
13495869,"letting"
11975003,"moving"
11432100,"service"
10257262,"property development and management"
12759002,"IT services and solutions"
8958186,"Telecommunications and IT staffing"
10426437,"lifestyle marketing"
3692729,"property design"
7248197,"Hardware"
3499144,"service"
13807143,"software development"
10623628,"technology risk consulting"
13992245,"Group Training"
5756166,"Calig Law"
7446084,"locksmith"
13196610,"design and printing"
13196610,"environmental"
7999315,"graphic design"
13134303,"digital marketing"
4159834,"web design and IT solutions"
7737240,"Estate Development and Property Management"
13919177,"Construction welding"
14817923,"wireless networking"
8893017,"installation, design and consulting"
8893017,"lighting"
7921019,"advertising and marketing solutions"
3436756,"publishing"
10149671,"yard maintenance"
12210937,"health care benefits solutions'"
12210937,"insurance brokerage"
6361790,"Theater"
7606436,"internet"
7309475,"computer systems engineering"
6654013,"investment advisory"
6654013,"offshore"
5492423,"interior design"
6249111,"service"
3982130,"IT"
9058111,"communication design"
97800,"web development"
9112979,"stair"
9827124,"law"
12711161,"mechanism industry"
12636035,"estate brokerage"
11816051,"construction"
8504006,"for solution"
12038293,"design"
5116508,"Placement"
5543866,"beekeeping"
4410798,"Contract Hire Vehicle"
4433263,"software"
6494804,"search"
13217972,"property development"
12777470,"capital investment services"
12777470,"estate investment"
4928840,"Nursing"
10176881,"affairs"
4528443,"e-business Solutions"
4528443,"software"
13702113,"commercial"
13702113,"financial"
8032318,"programming, design and marketing"
13220816,"building"
5176137,"construction"
6400612,"industrial"
5050483,"Employment"
10867433,"Insurance"
8714105,"Management"
7866680,"manufacturing"
12637374,"biopharmaceutical"
5329709,"digital"
7112027,"BPO and KPO service"
7112027,"Process Outsourcing"
11919026,"web design"
11128865,"purchasing and drop shipping"
10699378,"telemarketing"
4272167,"wholesale"
12265894,"video presentation and storytelling"
8725415,"Travel"
5737242,"marketing"
13094755,"wholesale"
12118366,"affiliate"
8413343,"fabric"
9775870,"community oriented"
11268525,"software and engineering consultancy"
6145121,"law"
9728864,"design"
8000816,"Insurance"
10320143,"estate services"
9546335,"estate service"
3305512,"SOURCING"
6435281,"solutions"
7297651,"landscape architecture and land planning"
11041207,"backyard"
7335467,"Law"
3560142,"outsourcing"
5314062,"consultancy"
7502095,"law"
6729153,"service"
3505935,"telephony, voip and communications"
7102764,"Information Technology service"
7102764,"software development"
7102764,"web design and development"
6449802,"property"
8787033,"hosting"
10522558,"design/build"
7745913,"AV services"
7745913,"audio/visual services"
7745913,"event management"
9431824,"estate development, investment, brokerage and management"
5360942,"service"
9772256,"balloon and flower decorating"
8726258,"ICT consulting and software development"
10292467,"environmental"
5432774,"plumbing"
8051718,"Video production"
10362960,"Services"
13301374,"Film Production"
7654983,"association management"
6151665,"plumbing"
13095844,"towing"
5904465,"making"
9723189,"3M window film"
6325626,"manufacturing and export"
5900491,"hardware and machinery"
11905533,"SEO and internet marketing"
4014542,"Physiotherapy"
8326351,"facilitating"
5191486,"sign"
10395234,"remodeling"
11597943,"insurance"
10604942,"Two-Way radio"
9210631,"web and software"
6626616,"Human Resource Consulting"
6626616,"outsourcing and consulting"
8327235,"locksmith"
13989804,"Engineering"
13989804,"valve"
10161023,"consulting"
8483610,"Childrens Hospital"
4599937,"IT support"
10752385,"electrical contracting"
148858,"waste management and drainage"
7287405,"Estate"
7382397,"power"
5429866,"catering"
8271024,"Hardware"
276953,"art"
12612627,"non-profit"
7569671,"software development and consulting"
6575746,"aviation ground handling"
11872582,"non-profit"
13938374,"English Wedding"
7511975,"LV Switchboards & Control Panels manufacturing"
4239865,"technology"
10783393,"insurance"
9396353,"wholesale"
11465625,"litigation and technical support"
7672310,"product manufacturing"
12790290,"SEO"
10780351,"consulting"
14889039,"Scholarship Trust"
11131503,"solutions"
9260170,"solution"
6282849,"service"
10292378,"service"
6157264,"Insurance"
4111638,"locksmith"
12817395,"IT staffing solutions"
3949089,"office moving"
3949089,"House and office removals"
6938347,"web design"
5443828,"audiovisual"
3614678,"export"
6704865,"OEM"
6704865,"gear manufacturer and gear"
8463900,"manufacturing"
13408135,"service"
6825379,"faucet"
5170228,"moving"
9096061,"Export / Import Marketing and Distribution"
9119402,"research oriented"
9119402,"software outsourcing"
12955106,"underwriting"
11342819,"Management"
5095903,"consulting"
3365033,"web design, logo design and marketing"
7381019,"adventure Tour"
7356541,"sign"
10789387,"rental and sales"
6013208,"Food broker and marketing"
12262270,"construction"
65929,"sales consultancy"
7988341,"management"
7708019,"advisory"
8642920,"Technology"
9436327,"destination management"
8577208,"security"
11865243,"merchant services"
7652067,"services"
9146987,"Chrome Plating and Grinding"
6491329,"education consulting"
12420074,"accounting"
4652785,"non-profit"
98757,"website development, accessible web design and internet advertising"
8913011,"locksmith"
7656099,"box"
7656099,"service"
5593196,"Web development"
9884944,"freight forwarding"
13436142,"fabric buying and quality control"
6456286,"web hosting"
12656549,"law"
8281318,"software publishing"
5093974,"Architectural & Development planning"
5093974,"Project Management and Construction"
275694,"property maintenance"
8349406,"consultancy"
11992827,"solutions"
7348056,"investor relations"
9138445,"stage lighting equipment"
5808936,"Application Service"
10980378,"the retail sales"
5397152,"moving"
8438912,"wine"
13724321,"service"
4834140,"making"
11200241,"research, development and application"
3728651,"garden maintenance"
11729841,"arts music and dance theatre"
7705811,"computer"
11536054,"contracting and consultancy"
7416255,"power equipment"
13917428,"wholesale jewelry supply"
8401608,"selling solutions"
8267585,"Petrovietnam Technical Services"
12490467,"event management"
11154610,"welding supply"
9747889,"locksmith"
9195639,"asset management holding"
9195639,"equity investment management"
7396168,"bags"
10538541,"IT Support and Consultancy"
10538541,"solutions"
3541778,"sewing machine sales and service"
4932720,"animation"
11292364,"security consulting"
9643499,"promotional product"
12677160,"propane"
5888555,"Advisory"
3876775,"guitar"
11006348,"building supply"
6596949,"agricultural chemical and fertilizer"
5762609,"travel"
5264236,"building and civil engineering"
8301603,"machine"
10810762,"publishing"
5271424,"care service"
10227309,"consulting"
8848514,"image management"
11285916,"insurance"
7444714,"bathtub refinishing"
10139646,"linear and network marketing"
4651674,"Interline Travel"
3379642,"money service"
14113940,"IT & ITeS services"
11021161,"marketing solutions"
14944857,"estate"
7246034,"service and support"
7246034,"tax"
14929078,"heating and air conditioning, maintenance, repair, and installation"
6678498,"trading"
8256217,"Technical Service"
8256217,"inspection"
11458825,"design"
12948338,"Infographics production"
12199542,"chemicals trading"
5142387,"computer"
15002881,"entertainment"
8849064,"laundry technology"
8849064,"mechanical engineering"
8814445,"printing"
6995246,"CPA"
5186953,"hotel management"
14083810,"manufacturing"
3662125,"law"
9418307,"web hosting service"
10722572,"web"
14057698,"consultancy"
6636851,"accounting"
12614414,"high technology"
12023344,"Technology Services"
4047469,"heating installation"
5203819,"estate"
11332770,"SEO"
11039306,"group initiated tourism and hospitality"
5249965,"services"
5064293,"Information Technology"
4431340,"communications"
6471410,"environmental consulting"
3257717,"estate and letting"
5265156,"aviation"
9384823,"travel"
3455427,"non-profit"
7235995,"ad"
5972024,"financial services"
4072020,"construction"
5738463,"Internet Marketing"
10657963,"estate development and home construction"
5562075,"law"
13707654,"garage door"
10413877,"IT consulting"
6416595,"estate investment"
6697106,"metal products and components fabrication and manufacturing"
10696524,"consulting"
8707133,"placement consulting"
7007822,"web hosting"
10181124,"catering"
5035151,"solution-oriented"
8390649,"retail property loan stock"
98305,"manufacturing"
12428597,"technology recruitment"
5574243,"design and build"
13923065,"law"
6125641,"software development"
12077709,"Tattoo Design"
10627417,"electronics"
10627417,"technology"
7715093,"management"
9706936,"Information Technology Service"
9706936,"software development and IT consulting"
8720225,"software development"
4516240,"making"
5352736,"travel"
5437489,"product"
8191732,"Human Resource and Management consulting"
6007776,"Computer Repair"
9787743,"non-profit"
6541917,"financial advisory"
334931,"multimedia"
9636949,"investment advisory"
12036007,"Rodolff Law"
6262476,"land"
14000443,"printing"
11584882,"event management, planning, and consulting"
7426264,"law"
9184764,"construction"
4759504,"recycling"
9664078,"medical records"
9664078,"security"
7580203,"service"
8575401,"trading"
9981698,"100 Seat"
15018360,"aftermarket parts"
11780899,"veterinary"
8430559,"branding and design"
8430559,"marketing"
8893817,"the Wedding & Event Video"
5455710,"web design and development"
3234550,"used car"
13071150,"non-profit"
9820547,"contract maintenance"
5713356,"investment management"
6156268,"Website Design"
7241933,"Web Design"
11815602,"employee benefits service"
6139359,"design"
12741288,"Design & Print"
3422002,"lettings"
14070355,"ICT"
10356205,"consulting"
4060282,"Construction"
3356282,"health, safety and environmental"
8570492,"commercial"
8570492,"law"
5234334,"Electrical Contracting"
12862284,"genset solution"
8570610,"design and software"
5152448,"placement and consulting"
10238671,"Estate"
10238671,"investment"
8492079,"locksmith"
6783027,"Power"
252778,"moving service"
8672003,"rental"
10607178,"Moving"
10607178,"furniture delivery"
12950164,"gas and heating"
9058570,"management"
7721328,"Hospital"
5198465,"service"
10442133,"landscaping"
8766328,"Matrimonial Services"
7376933,"Estate"
3390484,"Film Production"
9157405,"petition management"
13842154,"hardwood flooring"
9923251,"community management"
5350012,"insurance"
3991230,"womenswear and accessories"
11444488,"computer software development"
10352872,"technology"
8720906,"internet software"
148135,"building"
7706555,"digital marketing automation"
14923774,"multimedia software"
9007955,"scientific instrument supply"
13716443,"swimming pool installation"
8359374,"service"
9006358,"Healthcare Information Technology"
7857407,"law"
6871222,"travel"
6322735,"Xpedition Vehicle"
15054721,"Cloud Hosting"
5740454,"biotechnology"
10621161,"web design & web development"
10621161,"website design"
7461236,"production"
12041450,"roofing"
7709552,"community"
13858214,"veterinary"
5085420,"Accountant Recruiting and staffing"
13007062,"security"
4178575,"street furniture"
3235945,"Digital"
13123783,"law"
6073189,"Wholesale Electrical"
12188865,"project management and IT professional services"
6740097,"consulting"
5509981,"print service"
5490991,"LED sign"
5721225,"Energy"
316658,"locksmithing"
6103257,"design and marketing"
13403142,"staffing"
1429,"contract publishing and network"
6783875,"Educational Consultancy"
8112680,"electrical contracting"
13093166,"IT solution providers and SEO"
13093166,"IT solutions providers and digital"
7162127,"research"
3576382,"an arts"
12226829,"honey packing"
9786570,"estate investment"
7442100,"supply chain and logistics"
14953633,"consulting"
4423051,"taxi"
7825058,"building design"
5320500,"law"
9983975,"pump repair and filtration systems"
5324423,"Software & Consulting Services"
8587276,"law"
3371501,"fitted kitchen"
5426188,"technology"
3587000,"Packaging"
7405926,"services"
12475229,"trading"
3353669,"training"
12646925,"Solution"
10256435,"trading and consultant"
7343441,"employment"
7940870,"servicing"
12752067,"Information Technology IT service & support"
6060119,"Logistics"
10196250,"production"
10643194,"fish trading"
5307713,"construction"
13255316,"investment advisory"
6379206,"education consultancy"
13746075,"IT"
4350456,"information security services"
5923167,"cleaning"
5923167,"services"
8304172,"advisory"
12538773,"wholesale and foreign trade"
5910189,"estate"
13033963,"technical"
14062877,"IT recruiting"
12004155,"Recruitment & Manpower"
8895061,"insurance subrogation law"
8216289,"consulting"
8632068,"technology"
7090919,"Guardian Life Insurance"
5126802,"water treatment"
9934611,"the financial planning"
3735727,"floral design"
14953421,"digital"
4695735,"artist management and production"
12839321,"animal veterinary"
6152175,"community content"
11383510,"utility engineering"
10826008,"Web design"
10052659,"metal fabrication"
13023623,"Beer"
11884978,"lake management"
7224484,"estate"
7224484,"property investment"
10574347,"Construction"
5335441,"Internet marketing"
5335441,"service-oriented"
5431912,"cleaning"
9921376,"Consulting and Manufacturing"
5392339,"Consulting"
7835015,"data information"
5279302,"Catering"
13910735,"moving"
12960718,"payment solutions"
12833365,"HR consulting and training"
13636790,"energy management"
13073525,"service"
11662599,"energy"
12805047,"educational consultancy"
4338475,"ad"
4338475,"automotive"
19068,"service"
6696547,"Freight Forwarding"
8308105,"roof management consulting"
12055991,"City-based"
8282199,"market research services data collection"
6148535,"non-profit"
6047737,"transport services"
10826652,"car"
12299046,"communications"
8482968,"trading"
5580999,"insurance"
8102976,"product design and manufacturing"
8234812,"multimedia"
10186618,"electronics"
6070710,"consulting"
5221545,"air conditioning and heating"
7690999,"Search"
9832606,"non-profit"
11835695,"financial planning and investment management"
11835695,"wealth management"
7048893,"management consulting"
8183465,"Film and TV Production"
5527964,"insurance"
7266268,"construction"
13268911,"marketing solutions"
9977286,"Collision Repair"
8065385,"Internet"
13235984,"Internet marketing"
7257590,"injury and insurance litigation law"
10699766,"consulting"
3697331,"energy"
3697331,"refrigeration"
7785202,"fabrication"
7785202,"second generation"
8999610,"support"
13664068,"cosmetic dermatology"
5418789,"management"
5280563,"insurance"
3855755,"electrical testing and installation"
13338540,"biotechnology"
6922914,"paper trading"
14864332,"grains"
13500414,"Health"
10645671,"bath and body care"
9278402,"car"
15091461,"IT services"
7899306,"wine"
11398458,"metal fabrication"
9637576,"Plumbing"
9303488,"construction and interior design"
6805538,"screen printing"
15097117,"Cheap website design"
5807299,"IT services"
7503569,"product oriented"
9312194,"services"
5552335,"recruitment and human resource solutions"
5552335,"recruitment and human resources solutions"
9488488,"law"
9738004,"Internet Service"
5391207,"concrete cutting and core drilling"
10499392,"IT consulting"
9322783,"web design and technology"
10559673,"Law"
7784174,"Interior Decorating"
9714266,"Animal"
9714266,"veterinary"
10854069,"architectural design"
3746277,"soft furnishings"
12498852,"elevator"
8736826,"estate"
104425,"technology"
7549830,"ground transportation"
7360606,"trading"
7098255,"distributor and service"
13043012,"IT services"
3809523,"property management"
8102632,"software consultancy and product development"
11413997,"contracting"
5826701,"seafood trading"
10675615,"African IT"
5642390,"trading"
5726391,"design, installation, and maintenance landscaping"
4281157,"web design"
7378610,"law"
13980848,"architecture and interiors"
10614598,"painting"
12659152,"electric"
10661937,"computer"
8654997,"investigation"
3457267,"marketing"
4591277,"bespoke recruitment"
8223363,"plumbing"
9254527,"IT infrastructure and datacenter solution"
12681685,"web design and marketing"
6478153,"non-profit"
10568168,"service"
11928029,"security"
9195652,"relocation"
11872709,"Defence"
3549322,"production"
10037901,"garment"
264565,"consultancy"
3981414,"content publisher and content"
8574484,"criminal investigation"
8574484,"security consulting and investigations"
12088707,"trading"
11276496,"solutions"
3443639,"Wedding"
3443639,"service"
8987039,"Tax Whistleblower Law"
14035124,"proprietorship"
4426715,"cleaning"
11449618,"fluid power sales and service"
5857327,"consulting"
5768154,"Container Shipping"
7692185,"freelance software"
14073597,"Architecture and Interior Design"
6203417,"design, visualisation and graphics"
3592730,"development"
6790710,"service"
7962414,"community"
12031158,"excavation"
9631644,"electrical contracting"
3620592,"plant hire"
5493029,"Imaging and Branding"
11070723,"Information Technology Consulting Services"
11070723,"engineering contract, consulting and fulltime placement"
8453920,"export-oriented"
5576170,"service"
6132668,"largescale toy"
12814489,"photography equipment"
3678399,"Chartered Building Surveying practice and Design"
4614457,"graphic design, advertising and web design"
3576408,"recruitment and resource solutions"
6754297,"land surveying"
7130375,"Generation, full service Financial Services"
7323476,"leadership placement"
6308550,"construction"
5580974,"office furniture"
5249021,"law"
5249021,"the Sovereign"
9869744,"outsourcing cad services"
12216984,"staffing"
9500506,"the landscape"
9437740,"oilfield service"
11521124,"management consulting"
15011711,"Vulkan lighting"
12747425,"IT and engineering consulting"
9060151,"middle market investment banking"
12686892,"PC and network support"
12686892,"research and development"
10164354,"technology consulting and logistics"
120737,"graphic design"
15056747,"software development and computer service consultancy"
8364958,"marketing"
8942765,"trust"
